City,ISS-ID,lat,lon,latcity,loncity,nlat,nlon,MODEL,date,hour,alt,sunazt,sunelv,shu,lens,ap,ISO,Coments,NASA,CoordFLAG,URL,small,large,Thumbnail,coordimage
"Calgary,Canada",ISS030-E-223654,50.7,-113.0,51.0453246,-114.0581012,50.7,-113.1,NIKON D3S S/N: 2053892,20120405,100536,211.0,42.0,-25.0,1/40,400.0 mm,2.8,6400,0.0,0.0,5.0,http://eol.jsc.nasa.gov/scripts/sseop/photo.pl?mission=ISS030&roll=E&frame=223654,http://eol.jsc.nasa.gov/sseop/images/ESC/small/ISS030/ISS030-E-223654.jpg,http://eol.jsc.nasa.gov/sseop/images/ESC/large/ISS030/ISS030-E-223654.jpg,http://eol.jsc.nasa.gov/sseop/images/thumb/ISS030/ISS030-E-223654.jpg,http://eol.jsc.nasa.gov/scripts/SSEOP/MapCoordinate/MapCoordinate.pl?lat=50.7&lon=-113.1
United States of America,ISS030-E-248846,34.1,-119.0,37.09024,-95.712891,34.1,-119.5,NIKON D3S S/N: 2008336,20120414,094347,212.0,35.0,-40.0,1/100,85.0 mm,1.4,6400,0.0,0.0,5.0,http://eol.jsc.nasa.gov/scripts/sseop/photo.pl?mission=ISS030&roll=E&frame=248846,http://eol.jsc.nasa.gov/sseop/images/ESC/small/ISS030/ISS030-E-248846.jpg,http://eol.jsc.nasa.gov/sseop/images/ESC/large/ISS030/ISS030-E-248846.jpg,http://eol.jsc.nasa.gov/sseop/images/thumb/ISS030/ISS030-E-248846.jpg,http://eol.jsc.nasa.gov/scripts/SSEOP/MapCoordinate/MapCoordinate.pl?lat=34.1&lon=-119.5
Riyadh,ISS030-E-237357,25.3,47.1,24.7116667,46.7241667,25.3,47.1,NIKON D3S S/N: 2007934,20120418,213103,213.0,16.0,-52.0,1/40,200.0 mm,2.8,6400,0.0,0.0,5.0,http://eol.jsc.nasa.gov/scripts/sseop/photo.pl?mission=ISS030&roll=E&frame=237357,http://eol.jsc.nasa.gov/sseop/images/ESC/small/ISS030/ISS030-E-237357.jpg,http://eol.jsc.nasa.gov/sseop/images/ESC/large/ISS030/ISS030-E-237357.jpg,http://eol.jsc.nasa.gov/sseop/images/thumb/ISS030/ISS030-E-237357.jpg,http://eol.jsc.nasa.gov/scripts/SSEOP/MapCoordinate/MapCoordinate.pl?lat=25.3&lon=47.1
中华人民共和国/China,ISS034-E-38774,29.4,120.0,35.86166,104.195397,29.4,120.6,NIKON D3S S/N: 2008336,20130202,124046,224.0,273.0,-40.0,1/30,400.0 mm,2.8,51200,0.0,0.0,5.0,http://eol.jsc.nasa.gov/scripts/sseop/photo.pl?mission=ISS034&roll=E&frame=38774,http://eol.jsc.nasa.gov/sseop/images/ESC/small/ISS034/ISS034-E-38774.jpg,http://eol.jsc.nasa.gov/sseop/images/ESC/large/ISS034/ISS034-E-38774.jpg,http://eol.jsc.nasa.gov/sseop/images/thumb/ISS034/ISS034-E-38774.jpg,http://eol.jsc.nasa.gov/scripts/SSEOP/MapCoordinate/MapCoordinate.pl?lat=29.4&lon=120.6
Roterdam,ISS030-E-208933,51.1,9.5,51.9216667,4.4811111,51.1,9.5,NIKON D3S S/N: 2007934,20120406,012756,211.0,35.0,-27.0,1/50,400.0 mm,2.8,6400,0.0,0.0,5.0,http://eol.jsc.nasa.gov/scripts/sseop/photo.pl?mission=ISS030&roll=E&frame=208933,http://eol.jsc.nasa.gov/sseop/images/ESC/small/ISS030/ISS030-E-208933.jpg,http://eol.jsc.nasa.gov/sseop/images/ESC/large/ISS030/ISS030-E-208933.jpg,http://eol.jsc.nasa.gov/sseop/images/thumb/ISS030/ISS030-E-208933.jpg,http://eol.jsc.nasa.gov/scripts/SSEOP/MapCoordinate/MapCoordinate.pl?lat=51.1&lon=9.5
中華民國,ISS034-E-40654,24.1,121.0,23.69781,120.960515,24.1,121.9,NIKON D3S S/N: 2007931,20130203,114927,224.0,264.0,-30.0,1,19.0 mm,2.8,1600,0.0,0.0,5.0,http://eol.jsc.nasa.gov/scripts/sseop/photo.pl?mission=ISS034&roll=E&frame=40654,http://eol.jsc.nasa.gov/sseop/images/ESC/small/ISS034/ISS034-E-40654.jpg,http://eol.jsc.nasa.gov/sseop/images/ESC/large/ISS034/ISS034-E-40654.jpg,http://eol.jsc.nasa.gov/sseop/images/thumb/ISS034/ISS034-E-40654.jpg,http://eol.jsc.nasa.gov/scripts/SSEOP/MapCoordinate/MapCoordinate.pl?lat=24.1&lon=121.9
中华人民共和国/China,ISS036-E-28273,38.7,117.0,35.86166,104.195397,38.7,117.3,NIKON D3S S/N: 2008337,20130803,133201,223.0,317.0,-22.0,1/15,400.0 mm,2.8,12800,0.0,0.0,5.0,http://eol.jsc.nasa.gov/scripts/sseop/photo.pl?mission=ISS036&roll=E&frame=28273,http://eol.jsc.nasa.gov/sseop/images/ESC/small/ISS036/ISS036-E-28273.jpg,http://eol.jsc.nasa.gov/sseop/images/ESC/large/ISS036/ISS036-E-28273.jpg,http://eol.jsc.nasa.gov/sseop/images/thumb/ISS036/ISS036-E-28273.jpg,http://eol.jsc.nasa.gov/scripts/SSEOP/MapCoordinate/MapCoordinate.pl?lat=38.7&lon=117.3
中华人民共和国/China,ISS034-E-55035,38.5,117.0,35.86166,104.195397,38.5,117.0,NIKON D3S S/N: 2008336,20130217,143503,222.0,310.0,-54.0,1/40,400.0 mm,3.2,51200,0.0,0.0,5.0,http://eol.jsc.nasa.gov/scripts/sseop/photo.pl?mission=ISS034&roll=E&frame=55035,http://eol.jsc.nasa.gov/sseop/images/ESC/small/ISS034/ISS034-E-55035.jpg,http://eol.jsc.nasa.gov/sseop/images/ESC/large/ISS034/ISS034-E-55035.jpg,http://eol.jsc.nasa.gov/sseop/images/thumb/ISS034/ISS034-E-55035.jpg,http://eol.jsc.nasa.gov/scripts/SSEOP/MapCoordinate/MapCoordinate.pl?lat=38.5&lon=117.0
Las Vegas,ISS030-E-228309,36.2,-115.0,36.255123,-115.2383485,33.5,-119.0,NIKON D3S S/N: 2053892,20120411,105547,211.0,54.0,-30.0,1/125,85.0 mm,1.4,6400,0.0,1.0,5.0,http://eol.jsc.nasa.gov/scripts/sseop/photo.pl?mission=ISS030&roll=E&frame=228309,http://eol.jsc.nasa.gov/sseop/images/ESC/small/ISS030/ISS030-E-228309.jpg,http://eol.jsc.nasa.gov/sseop/images/ESC/large/ISS030/ISS030-E-228309.jpg,http://eol.jsc.nasa.gov/sseop/images/thumb/ISS030/ISS030-E-228309.jpg,http://eol.jsc.nasa.gov/scripts/SSEOP/MapCoordinate/MapCoordinate.pl?lat=33.5&lon=-119.0
Los Angeles,ISS034-E-44034,34.4,-118.0,34.0522342,-118.2436849,34.4,-118.9,NIKON D3S S/N: 2008336,20130210,093503,221.0,49.0,-62.0,1/30,400.0 mm,2.8,51200,0.0,0.0,5.0,http://eol.jsc.nasa.gov/scripts/sseop/photo.pl?mission=ISS034&roll=E&frame=44034,http://eol.jsc.nasa.gov/sseop/images/ESC/small/ISS034/ISS034-E-44034.jpg,http://eol.jsc.nasa.gov/sseop/images/ESC/large/ISS034/ISS034-E-44034.jpg,http://eol.jsc.nasa.gov/sseop/images/thumb/ISS034/ISS034-E-44034.jpg,http://eol.jsc.nasa.gov/scripts/SSEOP/MapCoordinate/MapCoordinate.pl?lat=34.4&lon=-118.9
South Africa,ISS033-E-14393,-35.4,20.0,-30.559482,22.937506,-35.4,20.2,NIKON D3S S/N: 2053892,20121020,014319,221.0,124.0,-24.0,1/15,800.0 mm,5.6,8000,0.0,0.0,5.0,http://eol.jsc.nasa.gov/scripts/sseop/photo.pl?mission=ISS033&roll=E&frame=14393,http://eol.jsc.nasa.gov/sseop/images/ESC/small/ISS033/ISS033-E-14393.jpg,http://eol.jsc.nasa.gov/sseop/images/ESC/large/ISS033/ISS033-E-14393.jpg,http://eol.jsc.nasa.gov/sseop/images/thumb/ISS033/ISS033-E-14393.jpg,http://eol.jsc.nasa.gov/scripts/SSEOP/MapCoordinate/MapCoordinate.pl?lat=-35.4&lon=20.2
South Africa,ISS030-E-250211,-35.3,20.0,-30.559482,22.937506,-35.3,20.1,NIKON D3S S/N: 2007934,20120424,005816,213.0,116.0,-51.0,1/40,400.0 mm,2.8,6400,0.0,0.0,5.0,http://eol.jsc.nasa.gov/scripts/sseop/photo.pl?mission=ISS030&roll=E&frame=250211,http://eol.jsc.nasa.gov/sseop/images/ESC/small/ISS030/ISS030-E-250211.jpg,http://eol.jsc.nasa.gov/sseop/images/ESC/large/ISS030/ISS030-E-250211.jpg,http://eol.jsc.nasa.gov/sseop/images/thumb/ISS030/ISS030-E-250211.jpg,http://eol.jsc.nasa.gov/scripts/SSEOP/MapCoordinate/MapCoordinate.pl?lat=-35.3&lon=20.1
United States of America,ISS030-E-271031,34.0,-118.0,37.09024,-95.712891,34.0,-118.2,NIKON D3S S/N: 2008336,20120423,060638,212.0,327.0,-37.0,1/125,85.0 mm,1.4,6400,0.0,0.0,5.0,http://eol.jsc.nasa.gov/scripts/sseop/photo.pl?mission=ISS030&roll=E&frame=271031,http://eol.jsc.nasa.gov/sseop/images/ESC/small/ISS030/ISS030-E-271031.jpg,http://eol.jsc.nasa.gov/sseop/images/ESC/large/ISS030/ISS030-E-271031.jpg,http://eol.jsc.nasa.gov/sseop/images/thumb/ISS030/ISS030-E-271031.jpg,http://eol.jsc.nasa.gov/scripts/SSEOP/MapCoordinate/MapCoordinate.pl?lat=34.0&lon=-118.2
"Edmonton,Canada",ISS035-E-9709,49.8,-112.0,53.544389,-113.4909267,49.8,-112.7,NIKON D3S S/N: 2053892,20130325,104844,213.0,54.0,-24.0,1/25,180.0 mm,2.8,51200,0.0,0.0,5.0,http://eol.jsc.nasa.gov/scripts/sseop/photo.pl?mission=ISS035&roll=E&frame=9709,http://eol.jsc.nasa.gov/sseop/images/ESC/small/ISS035/ISS035-E-9709.jpg,http://eol.jsc.nasa.gov/sseop/images/ESC/large/ISS035/ISS035-E-9709.jpg,http://eol.jsc.nasa.gov/sseop/images/thumb/ISS035/ISS035-E-9709.jpg,http://eol.jsc.nasa.gov/scripts/SSEOP/MapCoordinate/MapCoordinate.pl?lat=49.8&lon=-112.7
РФ,ISS030-E-274959,51.8,111.0,-32.0324843,-61.2187233,51.8,111.4,NIKON D3 S/N: 2054926,20120402,185750,210.0,39.0,-26.0,1/20,800.0 mm,5.6,6400,0.0,0.0,0.0,http://eol.jsc.nasa.gov/scripts/sseop/photo.pl?mission=ISS030&roll=E&frame=274959,http://eol.jsc.nasa.gov/sseop/images/ESC/small/ISS030/ISS030-E-274959.jpg,http://eol.jsc.nasa.gov/sseop/images/ESC/large/ISS030/ISS030-E-274959.jpg,http://eol.jsc.nasa.gov/sseop/images/thumb/ISS030/ISS030-E-274959.jpg,http://eol.jsc.nasa.gov/scripts/SSEOP/MapCoordinate/MapCoordinate.pl?lat=51.8&lon=111.4
"Calgary,Canada",ISS030-E-223010,49.3,-112.0,51.0453246,-114.0581012,49.3,-112.1,NIKON D3S S/N: 2053892,20120404,075010,212.0,6.0,-35.0,1/80,85.0 mm,1.4,6400,0.0,0.0,5.0,http://eol.jsc.nasa.gov/scripts/sseop/photo.pl?mission=ISS030&roll=E&frame=223010,http://eol.jsc.nasa.gov/sseop/images/ESC/small/ISS030/ISS030-E-223010.jpg,http://eol.jsc.nasa.gov/sseop/images/ESC/large/ISS030/ISS030-E-223010.jpg,http://eol.jsc.nasa.gov/sseop/images/thumb/ISS030/ISS030-E-223010.jpg,http://eol.jsc.nasa.gov/scripts/SSEOP/MapCoordinate/MapCoordinate.pl?lat=49.3&lon=-112.1
Teluk Tomini,ISS031-E-124224,-0.9,121.6,-0.6376094,122.174605,-0.9,121.6,NIKON D3S S/N: 2008336,20120616,183202,216.0,57.0,-46.0,1/8,50.0 mm,1.4,6400,0.0,0.0,5.0,http://eol.jsc.nasa.gov/scripts/sseop/photo.pl?mission=ISS031&roll=E&frame=124224,http://eol.jsc.nasa.gov/sseop/images/ESC/small/ISS031/ISS031-E-124224.jpg,http://eol.jsc.nasa.gov/sseop/images/ESC/large/ISS031/ISS031-E-124224.jpg,http://eol.jsc.nasa.gov/sseop/images/thumb/ISS031/ISS031-E-124224.jpg,http://eol.jsc.nasa.gov/scripts/SSEOP/MapCoordinate/MapCoordinate.pl?lat=-.9&lon=121.6
Seattle,ISS030-E-229355,51.8,-110.0,47.6062095,-122.3320708,51.8,-110.3,NIKON D3S S/N: 2008336,20120413,055020,211.0,335.0,-26.0,0.5,28.0 mm,1.4,3200,0.0,0.0,5.0,http://eol.jsc.nasa.gov/scripts/sseop/photo.pl?mission=ISS030&roll=E&frame=229355,http://eol.jsc.nasa.gov/sseop/images/ESC/small/ISS030/ISS030-E-229355.jpg,http://eol.jsc.nasa.gov/sseop/images/ESC/large/ISS030/ISS030-E-229355.jpg,http://eol.jsc.nasa.gov/sseop/images/thumb/ISS030/ISS030-E-229355.jpg,http://eol.jsc.nasa.gov/scripts/SSEOP/MapCoordinate/MapCoordinate.pl?lat=51.8&lon=-110.3
Cabe town,ISS030-E-172413,-33.2,20.0,-33.9248685,18.4240553,-33.2,20.1,NIKON D3S S/N: 2053892,20120321,215430,216.0,203.0,-55.0,1/8,85.0 mm,1.6,3200,0.0,0.0,5.0,http://eol.jsc.nasa.gov/scripts/sseop/photo.pl?mission=ISS030&roll=E&frame=172413,http://eol.jsc.nasa.gov/sseop/images/ESC/small/ISS030/ISS030-E-172413.jpg,http://eol.jsc.nasa.gov/sseop/images/ESC/large/ISS030/ISS030-E-172413.jpg,http://eol.jsc.nasa.gov/sseop/images/thumb/ISS030/ISS030-E-172413.jpg,http://eol.jsc.nasa.gov/scripts/SSEOP/MapCoordinate/MapCoordinate.pl?lat=-33.2&lon=20.1
Philippines,ISS035-E-20281,18.5,120.0,12.879721,121.774017,18.5,120.3,NIKON D3S S/N: 2008336,20130411,184857,217.0,61.0,-40.0,1/25,400.0 mm,3.2,51200,0.0,0.0,0.0,http://eol.jsc.nasa.gov/scripts/sseop/photo.pl?mission=ISS035&roll=E&frame=20281,http://eol.jsc.nasa.gov/sseop/images/ESC/small/ISS035/ISS035-E-20281.jpg,http://eol.jsc.nasa.gov/sseop/images/ESC/large/ISS035/ISS035-E-20281.jpg,http://eol.jsc.nasa.gov/sseop/images/thumb/ISS035/ISS035-E-20281.jpg,http://eol.jsc.nasa.gov/scripts/SSEOP/MapCoordinate/MapCoordinate.pl?lat=18.5&lon=120.3
United States of America,ISS030-E-248864,32.4,-117.0,37.09024,-95.712891,32.4,-117.5,NIKON D3S S/N: 2008336,20120414,094425,212.0,38.0,-40.0,1/125,85.0 mm,1.4,6400,0.0,0.0,5.0,http://eol.jsc.nasa.gov/scripts/sseop/photo.pl?mission=ISS030&roll=E&frame=248864,http://eol.jsc.nasa.gov/sseop/images/ESC/small/ISS030/ISS030-E-248864.jpg,http://eol.jsc.nasa.gov/sseop/images/ESC/large/ISS030/ISS030-E-248864.jpg,http://eol.jsc.nasa.gov/sseop/images/thumb/ISS030/ISS030-E-248864.jpg,http://eol.jsc.nasa.gov/scripts/SSEOP/MapCoordinate/MapCoordinate.pl?lat=32.4&lon=-117.5
"San Diego, Tijuana",ISS030-E-83677,32.2,-117.0,32.715738,-117.1610838,32.2,-117.3,NIKON D3S S/N: 2008336,20120217,083536,208.0,22.0,-69.0,1/125,50.0 mm,1.4,6400,0.0,0.0,5.0,http://eol.jsc.nasa.gov/scripts/sseop/photo.pl?mission=ISS030&roll=E&frame=83677,http://eol.jsc.nasa.gov/sseop/images/ESC/small/ISS030/ISS030-E-83677.jpg,http://eol.jsc.nasa.gov/sseop/images/ESC/large/ISS030/ISS030-E-83677.jpg,http://eol.jsc.nasa.gov/sseop/images/thumb/ISS030/ISS030-E-83677.jpg,http://eol.jsc.nasa.gov/scripts/SSEOP/MapCoordinate/MapCoordinate.pl?lat=32.2&lon=-117.3
South Africa,ISS027-E-18904,-35.0,18.0,-30.559482,22.937506,-35.0,18.7,NIKON D3S S/N: 2007934,20110430,013929,189.0,106.0,-45.0,1/15,200.0 mm,2.8,12800,0.0,0.0,5.0,http://eol.jsc.nasa.gov/scripts/sseop/photo.pl?mission=ISS027&roll=E&frame=18904,http://eol.jsc.nasa.gov/sseop/images/ESC/small/ISS027/ISS027-E-18904.jpg,http://eol.jsc.nasa.gov/sseop/images/ESC/large/ISS027/ISS027-E-18904.jpg,http://eol.jsc.nasa.gov/sseop/images/thumb/ISS027/ISS027-E-18904.jpg,http://eol.jsc.nasa.gov/scripts/SSEOP/MapCoordinate/MapCoordinate.pl?lat=-35.0&lon=18.7
Las Vegas,ISS030-E-222943,37.8,-115.0,36.255123,-115.2383485,37.8,-115.9,NIKON D3S S/N: 2053892,20120404,061148,213.0,328.0,-41.0,1/100,85.0 mm,1.4,6400,0.0,0.0,5.0,http://eol.jsc.nasa.gov/scripts/sseop/photo.pl?mission=ISS030&roll=E&frame=222943,http://eol.jsc.nasa.gov/sseop/images/ESC/small/ISS030/ISS030-E-222943.jpg,http://eol.jsc.nasa.gov/sseop/images/ESC/large/ISS030/ISS030-E-222943.jpg,http://eol.jsc.nasa.gov/sseop/images/thumb/ISS030/ISS030-E-222943.jpg,http://eol.jsc.nasa.gov/scripts/SSEOP/MapCoordinate/MapCoordinate.pl?lat=37.8&lon=-115.9
Tijuana,ISS030-E-83463,32.6,-116.0,32.5149469,-117.0382471,32.6,-116.5,NIKON D3S S/N: 2008336,20120205,052343,203.0,285.0,-51.0,1/125,85.0 mm,1.4,6400,0.0,0.0,5.0,http://eol.jsc.nasa.gov/scripts/sseop/photo.pl?mission=ISS030&roll=E&frame=83463,http://eol.jsc.nasa.gov/sseop/images/ESC/small/ISS030/ISS030-E-83463.jpg,http://eol.jsc.nasa.gov/sseop/images/ESC/large/ISS030/ISS030-E-83463.jpg,http://eol.jsc.nasa.gov/sseop/images/thumb/ISS030/ISS030-E-83463.jpg,http://eol.jsc.nasa.gov/scripts/SSEOP/MapCoordinate/MapCoordinate.pl?lat=32.6&lon=-116.5
United States of America,ISS030-E-226401,43.8,-112.0,37.09024,-95.712891,43.8,-112.1,NIKON D3S S/N: 2008336,20120411,091902,211.0,33.0,-32.0,0.8,28.0 mm,1.4,3200,0.0,0.0,0.0,http://eol.jsc.nasa.gov/scripts/sseop/photo.pl?mission=ISS030&roll=E&frame=226401,http://eol.jsc.nasa.gov/sseop/images/ESC/small/ISS030/ISS030-E-226401.jpg,http://eol.jsc.nasa.gov/sseop/images/ESC/large/ISS030/ISS030-E-226401.jpg,http://eol.jsc.nasa.gov/sseop/images/thumb/ISS030/ISS030-E-226401.jpg,http://eol.jsc.nasa.gov/scripts/SSEOP/MapCoordinate/MapCoordinate.pl?lat=43.8&lon=-112.1
North America,ISS030-E-274804,50.3,-109.0,54.5259614,-105.2551187,50.3,-109.7,NIKON D3 S/N: 2054926,20120329,102137,210.0,50.0,-24.0,1/25,400.0 mm,2.8,6400,0.0,0.0,5.0,http://eol.jsc.nasa.gov/scripts/sseop/photo.pl?mission=ISS030&roll=E&frame=274804,http://eol.jsc.nasa.gov/sseop/images/ESC/small/ISS030/ISS030-E-274804.jpg,http://eol.jsc.nasa.gov/sseop/images/ESC/large/ISS030/ISS030-E-274804.jpg,http://eol.jsc.nasa.gov/sseop/images/thumb/ISS030/ISS030-E-274804.jpg,http://eol.jsc.nasa.gov/scripts/SSEOP/MapCoordinate/MapCoordinate.pl?lat=50.3&lon=-109.7
Las Vegas,ISS030-E-271233,37.3,-114.0,36.255123,-115.2383485,37.3,-114.6,NIKON D3S S/N: 2008336,20120424,051012,212.0,318.0,-29.0,1/160,85.0 mm,1.4,12800,0.0,0.0,5.0,http://eol.jsc.nasa.gov/scripts/sseop/photo.pl?mission=ISS030&roll=E&frame=271233,http://eol.jsc.nasa.gov/sseop/images/ESC/small/ISS030/ISS030-E-271233.jpg,http://eol.jsc.nasa.gov/sseop/images/ESC/large/ISS030/ISS030-E-271233.jpg,http://eol.jsc.nasa.gov/sseop/images/thumb/ISS030/ISS030-E-271233.jpg,http://eol.jsc.nasa.gov/scripts/SSEOP/MapCoordinate/MapCoordinate.pl?lat=37.3&lon=-114.6
РФ,ISS030-E-233985,51.5,108.0,-32.0324843,-61.2187233,51.5,108.2,NIKON D3S S/N: 2007934,20120415,144822,211.0,328.0,-23.0,1/30,400.0 mm,2.8,6400,0.0,0.0,0.0,http://eol.jsc.nasa.gov/scripts/sseop/photo.pl?mission=ISS030&roll=E&frame=233985,http://eol.jsc.nasa.gov/sseop/images/ESC/small/ISS030/ISS030-E-233985.jpg,http://eol.jsc.nasa.gov/sseop/images/ESC/large/ISS030/ISS030-E-233985.jpg,http://eol.jsc.nasa.gov/sseop/images/thumb/ISS030/ISS030-E-233985.jpg,http://eol.jsc.nasa.gov/scripts/SSEOP/MapCoordinate/MapCoordinate.pl?lat=51.5&lon=108.2
Las Vegas,ISS034-E-31419,39.2,-113.0,36.255123,-115.2383485,39.2,-113.2,NIKON D3S S/N: 2008336,20130118,110903,222.0,82.0,-42.0,1/10,180.0 mm,2.8,10000,0.0,0.0,5.0,http://eol.jsc.nasa.gov/scripts/sseop/photo.pl?mission=ISS034&roll=E&frame=31419,http://eol.jsc.nasa.gov/sseop/images/ESC/small/ISS034/ISS034-E-31419.jpg,http://eol.jsc.nasa.gov/sseop/images/ESC/large/ISS034/ISS034-E-31419.jpg,http://eol.jsc.nasa.gov/sseop/images/thumb/ISS034/ISS034-E-31419.jpg,http://eol.jsc.nasa.gov/scripts/SSEOP/MapCoordinate/MapCoordinate.pl?lat=39.2&lon=-113.2
中华人民共和国/China,ISS034-E-35280,22.1,117.0,35.86166,104.195397,22.1,117.7,NIKON D3S S/N: 2007931,20121209,193505,224.0,102.0,-41.0,1,180.0 mm,2.8,5000,0.0,0.0,5.0,http://eol.jsc.nasa.gov/scripts/sseop/photo.pl?mission=ISS034&roll=E&frame=35280,http://eol.jsc.nasa.gov/sseop/images/ESC/small/ISS034/ISS034-E-35280.jpg,http://eol.jsc.nasa.gov/sseop/images/ESC/large/ISS034/ISS034-E-35280.jpg,http://eol.jsc.nasa.gov/sseop/images/thumb/ISS034/ISS034-E-35280.jpg,http://eol.jsc.nasa.gov/scripts/SSEOP/MapCoordinate/MapCoordinate.pl?lat=22.1&lon=117.7
Las Vegas,ISS030-E-172815,36.7,-113.0,36.255123,-115.2383485,36.7,-113.8,NIKON D3S S/N: 2053892,20120324,101722,212.0,52.0,-37.0,1/13,85.0 mm,1.6,3200,0.0,0.0,5.0,http://eol.jsc.nasa.gov/scripts/sseop/photo.pl?mission=ISS030&roll=E&frame=172815,http://eol.jsc.nasa.gov/sseop/images/ESC/small/ISS030/ISS030-E-172815.jpg,http://eol.jsc.nasa.gov/sseop/images/ESC/large/ISS030/ISS030-E-172815.jpg,http://eol.jsc.nasa.gov/sseop/images/thumb/ISS030/ISS030-E-172815.jpg,http://eol.jsc.nasa.gov/scripts/SSEOP/MapCoordinate/MapCoordinate.pl?lat=36.7&lon=-113.8
Россия,ISS030-E-223695,51.6,107.0,61.52401,105.318756,51.6,107.2,NIKON D3S S/N: 2053892,20120405,174315,211.0,14.0,-31.0,1/20,400.0 mm,2.8,6400,0.0,0.0,5.0,http://eol.jsc.nasa.gov/scripts/sseop/photo.pl?mission=ISS030&roll=E&frame=223695,http://eol.jsc.nasa.gov/sseop/images/ESC/small/ISS030/ISS030-E-223695.jpg,http://eol.jsc.nasa.gov/sseop/images/ESC/large/ISS030/ISS030-E-223695.jpg,http://eol.jsc.nasa.gov/sseop/images/thumb/ISS030/ISS030-E-223695.jpg,http://eol.jsc.nasa.gov/scripts/SSEOP/MapCoordinate/MapCoordinate.pl?lat=51.6&lon=107.2
中华人民共和国/China,ISS036-E-7613,33.1,114.0,35.86166,104.195397,33.1,114.0,NIKON D3S S/N: 2007934,20130613,171400,220.0,14.0,-33.0,1/20,50.0 mm,2.5,51200,0.0,0.0,5.0,http://eol.jsc.nasa.gov/scripts/sseop/photo.pl?mission=ISS036&roll=E&frame=7613,http://eol.jsc.nasa.gov/sseop/images/ESC/small/ISS036/ISS036-E-7613.jpg,http://eol.jsc.nasa.gov/sseop/images/ESC/large/ISS036/ISS036-E-7613.jpg,http://eol.jsc.nasa.gov/sseop/images/thumb/ISS036/ISS036-E-7613.jpg,http://eol.jsc.nasa.gov/scripts/SSEOP/MapCoordinate/MapCoordinate.pl?lat=33.1&lon=114.0
中华人民共和国/China,ISS034-E-47152,39.3,112.0,35.86166,104.195397,39.3,112.8,NIKON D3S S/N: 2008336,20130213,162031,222.0,348.0,-64.0,1/30,400.0 mm,2.8,51200,0.0,0.0,5.0,http://eol.jsc.nasa.gov/scripts/sseop/photo.pl?mission=ISS034&roll=E&frame=47152,http://eol.jsc.nasa.gov/sseop/images/ESC/small/ISS034/ISS034-E-47152.jpg,http://eol.jsc.nasa.gov/sseop/images/ESC/large/ISS034/ISS034-E-47152.jpg,http://eol.jsc.nasa.gov/sseop/images/thumb/ISS034/ISS034-E-47152.jpg,http://eol.jsc.nasa.gov/scripts/SSEOP/MapCoordinate/MapCoordinate.pl?lat=39.3&lon=112.8
México,ISS030-E-283107,31.1,-114.0,23.634501,-102.552784,31.1,-114.1,NIKON D3S S/N: 2007931,20120426,045434,212.0,313.0,-31.0,1/100,85.0 mm,1.4,6400,0.0,0.0,0.0,http://eol.jsc.nasa.gov/scripts/sseop/photo.pl?mission=ISS030&roll=E&frame=283107,http://eol.jsc.nasa.gov/sseop/images/ESC/small/ISS030/ISS030-E-283107.jpg,http://eol.jsc.nasa.gov/sseop/images/ESC/large/ISS030/ISS030-E-283107.jpg,http://eol.jsc.nasa.gov/sseop/images/thumb/ISS030/ISS030-E-283107.jpg,http://eol.jsc.nasa.gov/scripts/SSEOP/MapCoordinate/MapCoordinate.pl?lat=31.1&lon=-114.1
"St. George, Utah",ISS030-E-172821,37.3,-112.0,37.0965278,-113.5684164,37.3,-112.9,NIKON D3S S/N: 2053892,20120324,101737,212.0,53.0,-36.0,1/13,85.0 mm,1.6,3200,0.0,0.0,5.0,http://eol.jsc.nasa.gov/scripts/sseop/photo.pl?mission=ISS030&roll=E&frame=172821,http://eol.jsc.nasa.gov/sseop/images/ESC/small/ISS030/ISS030-E-172821.jpg,http://eol.jsc.nasa.gov/sseop/images/ESC/large/ISS030/ISS030-E-172821.jpg,http://eol.jsc.nasa.gov/sseop/images/thumb/ISS030/ISS030-E-172821.jpg,http://eol.jsc.nasa.gov/scripts/SSEOP/MapCoordinate/MapCoordinate.pl?lat=37.3&lon=-112.9
México,ISS034-E-49846,30.6,-114.0,23.634501,-102.552784,30.6,-114.9,NIKON D3S S/N: 2008336,20130217,065443,223.0,320.0,-67.0,1/30,400.0 mm,2.8,51200,0.0,0.0,0.0,http://eol.jsc.nasa.gov/scripts/sseop/photo.pl?mission=ISS034&roll=E&frame=49846,http://eol.jsc.nasa.gov/sseop/images/ESC/small/ISS034/ISS034-E-49846.jpg,http://eol.jsc.nasa.gov/sseop/images/ESC/large/ISS034/ISS034-E-49846.jpg,http://eol.jsc.nasa.gov/sseop/images/thumb/ISS034/ISS034-E-49846.jpg,http://eol.jsc.nasa.gov/scripts/SSEOP/MapCoordinate/MapCoordinate.pl?lat=30.6&lon=-114.9
United States of America,ISS030-E-226091,45.7,-108.0,37.09024,-95.712891,45.7,-108.6,NIKON D3S S/N: 2007931,20120412,082326,211.0,20.0,-33.0,1,24.0 mm,1.4,3200,0.0,0.0,0.0,http://eol.jsc.nasa.gov/scripts/sseop/photo.pl?mission=ISS030&roll=E&frame=226091,http://eol.jsc.nasa.gov/sseop/images/ESC/small/ISS030/ISS030-E-226091.jpg,http://eol.jsc.nasa.gov/sseop/images/ESC/large/ISS030/ISS030-E-226091.jpg,http://eol.jsc.nasa.gov/sseop/images/thumb/ISS030/ISS030-E-226091.jpg,http://eol.jsc.nasa.gov/scripts/SSEOP/MapCoordinate/MapCoordinate.pl?lat=45.7&lon=-108.6
United States of America,ISS030-E-227741,45.7,-108.0,37.09024,-95.712891,45.7,-108.7,NIKON D3S S/N: 2008336,20120412,082325,211.0,20.0,-33.0,0.6,28.0 mm,1.4,3200,0.0,0.0,0.0,http://eol.jsc.nasa.gov/scripts/sseop/photo.pl?mission=ISS030&roll=E&frame=227741,http://eol.jsc.nasa.gov/sseop/images/ESC/small/ISS030/ISS030-E-227741.jpg,http://eol.jsc.nasa.gov/sseop/images/ESC/large/ISS030/ISS030-E-227741.jpg,http://eol.jsc.nasa.gov/sseop/images/thumb/ISS030/ISS030-E-227741.jpg,http://eol.jsc.nasa.gov/scripts/SSEOP/MapCoordinate/MapCoordinate.pl?lat=45.7&lon=-108.7
United States of America,ISS034-E-45204,43.1,-109.0,37.09024,-95.712891,43.1,-109.1,NIKON D3S S/N: 2007931,20130210,075839,221.0,14.0,-61.0,1/8,50.0 mm,1.4,10000,0.0,0.0,0.0,http://eol.jsc.nasa.gov/scripts/sseop/photo.pl?mission=ISS034&roll=E&frame=45204,http://eol.jsc.nasa.gov/sseop/images/ESC/small/ISS034/ISS034-E-45204.jpg,http://eol.jsc.nasa.gov/sseop/images/ESC/large/ISS034/ISS034-E-45204.jpg,http://eol.jsc.nasa.gov/sseop/images/thumb/ISS034/ISS034-E-45204.jpg,http://eol.jsc.nasa.gov/scripts/SSEOP/MapCoordinate/MapCoordinate.pl?lat=43.1&lon=-109.1
Indonesia,ISS031-E-125327,-6.0,117.0,-0.789275,113.921327,-6.0,117.7,NIKON D3S S/N: 2053892,20120615,192646,217.0,64.0,-40.0,0.4,50.0 mm,1.4,3200,0.0,0.0,5.0,http://eol.jsc.nasa.gov/scripts/sseop/photo.pl?mission=ISS031&roll=E&frame=125327,http://eol.jsc.nasa.gov/sseop/images/ESC/small/ISS031/ISS031-E-125327.jpg,http://eol.jsc.nasa.gov/sseop/images/ESC/large/ISS031/ISS031-E-125327.jpg,http://eol.jsc.nasa.gov/sseop/images/thumb/ISS031/ISS031-E-125327.jpg,http://eol.jsc.nasa.gov/scripts/SSEOP/MapCoordinate/MapCoordinate.pl?lat=-6.0&lon=117.7
РФ,ISS030-E-287207,51.8,105.0,-32.0324843,-61.2187233,51.8,105.8,D3S,20120210,162257,204.0,341.0,-52.0,1/25,180.0 mm,2.8,5000,0.0,0.0,0.0,http://eol.jsc.nasa.gov/scripts/sseop/photo.pl?mission=ISS030&roll=E&frame=287207,http://eol.jsc.nasa.gov/sseop/images/ESC/small/ISS030/ISS030-E-287207.jpg,http://eol.jsc.nasa.gov/sseop/images/ESC/large/ISS030/ISS030-E-287207.jpg,http://eol.jsc.nasa.gov/sseop/images/thumb/ISS030/ISS030-E-287207.jpg,http://eol.jsc.nasa.gov/scripts/SSEOP/MapCoordinate/MapCoordinate.pl?lat=51.8&lon=105.8
Fenix,ISS035-E-5440,34.0,-112.0,35.0333333,-79.0347222,34.0,-112.8,NIKON D3S S/N: 2008336,20130316,115651,214.0,76.0,-22.0,1/30,400.0 mm,2.8,51200,0.0,0.0,5.0,http://eol.jsc.nasa.gov/scripts/sseop/photo.pl?mission=ISS035&roll=E&frame=5440,http://eol.jsc.nasa.gov/sseop/images/ESC/small/ISS035/ISS035-E-5440.jpg,http://eol.jsc.nasa.gov/sseop/images/ESC/large/ISS035/ISS035-E-5440.jpg,http://eol.jsc.nasa.gov/sseop/images/thumb/ISS035/ISS035-E-5440.jpg,http://eol.jsc.nasa.gov/scripts/SSEOP/MapCoordinate/MapCoordinate.pl?lat=34.0&lon=-112.8
РФ,ISS030-E-233975,51.7,105.0,-32.0324843,-61.2187233,51.7,105.1,NIKON D3S S/N: 2007934,20120415,144751,211.0,325.0,-22.0,1/40,400.0 mm,2.8,6400,0.0,0.0,0.0,http://eol.jsc.nasa.gov/scripts/sseop/photo.pl?mission=ISS030&roll=E&frame=233975,http://eol.jsc.nasa.gov/sseop/images/ESC/small/ISS030/ISS030-E-233975.jpg,http://eol.jsc.nasa.gov/sseop/images/ESC/large/ISS030/ISS030-E-233975.jpg,http://eol.jsc.nasa.gov/sseop/images/thumb/ISS030/ISS030-E-233975.jpg,http://eol.jsc.nasa.gov/scripts/SSEOP/MapCoordinate/MapCoordinate.pl?lat=51.7&lon=105.1
РФ,ISS030-E-233978,51.6,105.0,-32.0324843,-61.2187233,51.6,105.6,NIKON D3S S/N: 2007934,20120415,144756,211.0,325.0,-22.0,1/40,400.0 mm,2.8,6400,0.0,0.0,0.0,http://eol.jsc.nasa.gov/scripts/sseop/photo.pl?mission=ISS030&roll=E&frame=233978,http://eol.jsc.nasa.gov/sseop/images/ESC/small/ISS030/ISS030-E-233978.jpg,http://eol.jsc.nasa.gov/sseop/images/ESC/large/ISS030/ISS030-E-233978.jpg,http://eol.jsc.nasa.gov/sseop/images/thumb/ISS030/ISS030-E-233978.jpg,http://eol.jsc.nasa.gov/scripts/SSEOP/MapCoordinate/MapCoordinate.pl?lat=51.6&lon=105.6
中华人民共和国/China,ISS034-E-36422,35.2,111.0,35.86166,104.195397,35.2,111.4,NIKON D3S S/N: 2007931,20130127,160619,224.0,329.0,-71.0,1/8,180.0 mm,2.8,5000,0.0,0.0,5.0,http://eol.jsc.nasa.gov/scripts/sseop/photo.pl?mission=ISS034&roll=E&frame=36422,http://eol.jsc.nasa.gov/sseop/images/ESC/small/ISS034/ISS034-E-36422.jpg,http://eol.jsc.nasa.gov/sseop/images/ESC/large/ISS034/ISS034-E-36422.jpg,http://eol.jsc.nasa.gov/sseop/images/thumb/ISS034/ISS034-E-36422.jpg,http://eol.jsc.nasa.gov/scripts/SSEOP/MapCoordinate/MapCoordinate.pl?lat=35.2&lon=111.4
中华人民共和国/China,ISS034-E-36422,35.2,111.0,35.86166,104.195397,35.2,111.4,NIKON D3S S/N: 2007931,20130127,160619,224.0,329.0,-71.0,1/8,180.0 mm,2.8,5000,0.0,0.0,5.0,http://eol.jsc.nasa.gov/scripts/sseop/photo.pl?mission=ISS034&roll=E&frame=36422,http://eol.jsc.nasa.gov/sseop/images/ESC/small/ISS034/ISS034-E-36422.jpg,http://eol.jsc.nasa.gov/sseop/images/ESC/large/ISS034/ISS034-E-36422.jpg,http://eol.jsc.nasa.gov/sseop/images/thumb/ISS034/ISS034-E-36422.jpg,http://eol.jsc.nasa.gov/scripts/SSEOP/MapCoordinate/MapCoordinate.pl?lat=35.2&lon=111.4
United States of America,ISS034-E-39057,40.0,-109.0,37.09024,-95.712891,40.0,-109.3,NIKON D3S S/N: 2007931,20130202,113022,220.0,84.0,-34.0,1,14.0 mm,2.8,3200,0.0,0.0,5.0,http://eol.jsc.nasa.gov/scripts/sseop/photo.pl?mission=ISS034&roll=E&frame=39057,http://eol.jsc.nasa.gov/sseop/images/ESC/small/ISS034/ISS034-E-39057.jpg,http://eol.jsc.nasa.gov/sseop/images/ESC/large/ISS034/ISS034-E-39057.jpg,http://eol.jsc.nasa.gov/sseop/images/thumb/ISS034/ISS034-E-39057.jpg,http://eol.jsc.nasa.gov/scripts/SSEOP/MapCoordinate/MapCoordinate.pl?lat=40.0&lon=-109.3
Canada,ISS030-E-274808,51.0,-104.0,56.130366,-106.346771,51.0,-104.6,NIKON D3 S/N: 2054926,20120329,102231,210.0,55.0,-21.0,1/50,400.0 mm,2.8,6400,0.0,0.0,5.0,http://eol.jsc.nasa.gov/scripts/sseop/photo.pl?mission=ISS030&roll=E&frame=274808,http://eol.jsc.nasa.gov/sseop/images/ESC/small/ISS030/ISS030-E-274808.jpg,http://eol.jsc.nasa.gov/sseop/images/ESC/large/ISS030/ISS030-E-274808.jpg,http://eol.jsc.nasa.gov/sseop/images/thumb/ISS030/ISS030-E-274808.jpg,http://eol.jsc.nasa.gov/scripts/SSEOP/MapCoordinate/MapCoordinate.pl?lat=51.0&lon=-104.6
Baleares,ISS026-E-14810,40.5,9.5,39.5341789,2.8577105,36.9,3.1,NIKON D3S S/N: 2007934,20110103,212307,186.0,283.0,-55.0,1/15,16.0 mm,2.8,12800,0.0,1.0,5.0,http://eol.jsc.nasa.gov/scripts/sseop/photo.pl?mission=ISS026&roll=E&frame=14810,http://eol.jsc.nasa.gov/sseop/images/ESC/small/ISS026/ISS026-E-14810.jpg,http://eol.jsc.nasa.gov/sseop/images/ESC/large/ISS026/ISS026-E-14810.jpg,http://eol.jsc.nasa.gov/sseop/images/thumb/ISS026/ISS026-E-14810.jpg,http://eol.jsc.nasa.gov/scripts/SSEOP/MapCoordinate/MapCoordinate.pl?lat=36.9&lon=3.1
Las Vegas,ISS033-E-11069,35.6,-110.0,36.255123,-115.2383485,35.6,-110.7,NIKON D3S S/N: 2053892,20121009,100712,215.0,65.0,-40.0,1/13,400.0 mm,2.8,10000,0.0,0.0,5.0,http://eol.jsc.nasa.gov/scripts/sseop/photo.pl?mission=ISS033&roll=E&frame=11069,http://eol.jsc.nasa.gov/sseop/images/ESC/small/ISS033/ISS033-E-11069.jpg,http://eol.jsc.nasa.gov/sseop/images/ESC/large/ISS033/ISS033-E-11069.jpg,http://eol.jsc.nasa.gov/sseop/images/thumb/ISS033/ISS033-E-11069.jpg,http://eol.jsc.nasa.gov/scripts/SSEOP/MapCoordinate/MapCoordinate.pl?lat=35.6&lon=-110.7
"Regina,Canada",ISS030-E-228140,51.8,-103.0,50.4547222,-104.6066667,51.8,-103.8,NIKON D3S S/N: 2053892,20120411,060709,211.0,346.0,-29.0,1/60,85.0 mm,1.4,6400,0.0,0.0,5.0,http://eol.jsc.nasa.gov/scripts/sseop/photo.pl?mission=ISS030&roll=E&frame=228140,http://eol.jsc.nasa.gov/sseop/images/ESC/small/ISS030/ISS030-E-228140.jpg,http://eol.jsc.nasa.gov/sseop/images/ESC/large/ISS030/ISS030-E-228140.jpg,http://eol.jsc.nasa.gov/sseop/images/thumb/ISS030/ISS030-E-228140.jpg,http://eol.jsc.nasa.gov/scripts/SSEOP/MapCoordinate/MapCoordinate.pl?lat=51.8&lon=-103.8
РФ,ISS030-E-280574,51.7,103.0,-32.0324843,-61.2187233,51.7,103.2,NIKON D3S S/N: 2053892,20120209,171907,205.0,359.0,-53.0,1/80,85.0 mm,1.4,3200,0.0,0.0,0.0,http://eol.jsc.nasa.gov/scripts/sseop/photo.pl?mission=ISS030&roll=E&frame=280574,http://eol.jsc.nasa.gov/sseop/images/ESC/small/ISS030/ISS030-E-280574.jpg,http://eol.jsc.nasa.gov/sseop/images/ESC/large/ISS030/ISS030-E-280574.jpg,http://eol.jsc.nasa.gov/sseop/images/thumb/ISS030/ISS030-E-280574.jpg,http://eol.jsc.nasa.gov/scripts/SSEOP/MapCoordinate/MapCoordinate.pl?lat=51.7&lon=103.2
"Fenix, us",ISS030-E-271253,34.3,-110.0,35.0333333,-79.0347222,34.3,-110.6,NIKON D3S S/N: 2008336,20120424,051123,212.0,321.0,-34.0,1/125,85.0 mm,1.4,12800,0.0,0.0,5.0,http://eol.jsc.nasa.gov/scripts/sseop/photo.pl?mission=ISS030&roll=E&frame=271253,http://eol.jsc.nasa.gov/sseop/images/ESC/small/ISS030/ISS030-E-271253.jpg,http://eol.jsc.nasa.gov/sseop/images/ESC/large/ISS030/ISS030-E-271253.jpg,http://eol.jsc.nasa.gov/sseop/images/thumb/ISS030/ISS030-E-271253.jpg,http://eol.jsc.nasa.gov/scripts/SSEOP/MapCoordinate/MapCoordinate.pl?lat=34.3&lon=-110.6
"Fenix, US",ISS034-E-33263,30.9,-111.0,35.0333333,-79.0347222,30.9,-111.2,NIKON D3S S/N: 2007931,20130120,092734,224.0,74.0,-63.0,1,24.0 mm,2.8,1600,0.0,0.0,5.0,http://eol.jsc.nasa.gov/scripts/sseop/photo.pl?mission=ISS034&roll=E&frame=33263,http://eol.jsc.nasa.gov/sseop/images/ESC/small/ISS034/ISS034-E-33263.jpg,http://eol.jsc.nasa.gov/sseop/images/ESC/large/ISS034/ISS034-E-33263.jpg,http://eol.jsc.nasa.gov/sseop/images/thumb/ISS034/ISS034-E-33263.jpg,http://eol.jsc.nasa.gov/scripts/SSEOP/MapCoordinate/MapCoordinate.pl?lat=30.9&lon=-111.2
"Hermosillo, Mexico",ISS030-E-271051,28.2,-111.0,29.0729673,-110.9559192,28.2,-111.6,NIKON D3S S/N: 2008336,20120423,060848,212.0,333.0,-45.0,1/80,85.0 mm,1.4,6400,0.0,0.0,5.0,http://eol.jsc.nasa.gov/scripts/sseop/photo.pl?mission=ISS030&roll=E&frame=271051,http://eol.jsc.nasa.gov/sseop/images/ESC/small/ISS030/ISS030-E-271051.jpg,http://eol.jsc.nasa.gov/sseop/images/ESC/large/ISS030/ISS030-E-271051.jpg,http://eol.jsc.nasa.gov/sseop/images/thumb/ISS030/ISS030-E-271051.jpg,http://eol.jsc.nasa.gov/scripts/SSEOP/MapCoordinate/MapCoordinate.pl?lat=28.2&lon=-111.6
United States of America,ISS034-E-32513,47.9,-104.0,37.09024,-95.712891,47.9,-104.2,NIKON D3S S/N: 2008336,20130120,110802,220.0,82.0,-35.0,1/10,180.0 mm,2.8,10000,0.0,0.0,0.0,http://eol.jsc.nasa.gov/scripts/sseop/photo.pl?mission=ISS034&roll=E&frame=32513,http://eol.jsc.nasa.gov/sseop/images/ESC/small/ISS034/ISS034-E-32513.jpg,http://eol.jsc.nasa.gov/sseop/images/ESC/large/ISS034/ISS034-E-32513.jpg,http://eol.jsc.nasa.gov/sseop/images/thumb/ISS034/ISS034-E-32513.jpg,http://eol.jsc.nasa.gov/scripts/SSEOP/MapCoordinate/MapCoordinate.pl?lat=47.9&lon=-104.2
United States of America,ISS030-E-183802,31.7,-110.0,37.09024,-95.712891,31.7,-110.8,NIKON D3S S/N: 2053892,20120328,080356,213.0,15.0,-54.0,1/4,85.0 mm,1.6,3200,0.0,0.0,5.0,http://eol.jsc.nasa.gov/scripts/sseop/photo.pl?mission=ISS030&roll=E&frame=183802,http://eol.jsc.nasa.gov/sseop/images/ESC/small/ISS030/ISS030-E-183802.jpg,http://eol.jsc.nasa.gov/sseop/images/ESC/large/ISS030/ISS030-E-183802.jpg,http://eol.jsc.nasa.gov/sseop/images/thumb/ISS030/ISS030-E-183802.jpg,http://eol.jsc.nasa.gov/scripts/SSEOP/MapCoordinate/MapCoordinate.pl?lat=31.7&lon=-110.8
United States of America,ISS030-E-83324,32.2,-109.0,37.09024,-95.712891,32.2,-109.5,NIKON D3S S/N: 2008336,20120203,054127,204.0,295.0,-61.0,1/100,85.0 mm,1.4,6400,0.0,0.0,5.0,http://eol.jsc.nasa.gov/scripts/sseop/photo.pl?mission=ISS030&roll=E&frame=83324,http://eol.jsc.nasa.gov/sseop/images/ESC/small/ISS030/ISS030-E-83324.jpg,http://eol.jsc.nasa.gov/sseop/images/ESC/large/ISS030/ISS030-E-83324.jpg,http://eol.jsc.nasa.gov/sseop/images/thumb/ISS030/ISS030-E-83324.jpg,http://eol.jsc.nasa.gov/scripts/SSEOP/MapCoordinate/MapCoordinate.pl?lat=32.2&lon=-109.5
United States of America,ISS031-E-84490,32.0,-109.0,37.09024,-95.712891,32.0,-109.4,NIKON D3S S/N: 2007944,20120602,053918,209.0,334.0,-31.0,1/20,85.0 mm,1.4,6400,0.0,0.0,5.0,http://eol.jsc.nasa.gov/scripts/sseop/photo.pl?mission=ISS031&roll=E&frame=84490,http://eol.jsc.nasa.gov/sseop/images/ESC/small/ISS031/ISS031-E-84490.jpg,http://eol.jsc.nasa.gov/sseop/images/ESC/large/ISS031/ISS031-E-84490.jpg,http://eol.jsc.nasa.gov/sseop/images/thumb/ISS031/ISS031-E-84490.jpg,http://eol.jsc.nasa.gov/scripts/SSEOP/MapCoordinate/MapCoordinate.pl?lat=32.0&lon=-109.4
РФ,ISS034-E-34451,51.7,101.0,-32.0324843,-61.2187233,51.7,101.8,NIKON D3S S/N: 2053892,20130124,215114,219.0,84.0,-29.0,1/6,180.0 mm,2.8,10000,0.0,0.0,0.0,http://eol.jsc.nasa.gov/scripts/sseop/photo.pl?mission=ISS034&roll=E&frame=34451,http://eol.jsc.nasa.gov/sseop/images/ESC/small/ISS034/ISS034-E-34451.jpg,http://eol.jsc.nasa.gov/sseop/images/ESC/large/ISS034/ISS034-E-34451.jpg,http://eol.jsc.nasa.gov/sseop/images/thumb/ISS034/ISS034-E-34451.jpg,http://eol.jsc.nasa.gov/scripts/SSEOP/MapCoordinate/MapCoordinate.pl?lat=51.7&lon=101.8
РФ,ISS034-E-34451,51.7,101.0,-32.0324843,-61.2187233,51.7,101.8,NIKON D3S S/N: 2053892,20130124,215114,219.0,84.0,-29.0,1/6,180.0 mm,2.8,10000,0.0,0.0,0.0,http://eol.jsc.nasa.gov/scripts/sseop/photo.pl?mission=ISS034&roll=E&frame=34451,http://eol.jsc.nasa.gov/sseop/images/ESC/small/ISS034/ISS034-E-34451.jpg,http://eol.jsc.nasa.gov/sseop/images/ESC/large/ISS034/ISS034-E-34451.jpg,http://eol.jsc.nasa.gov/sseop/images/thumb/ISS034/ISS034-E-34451.jpg,http://eol.jsc.nasa.gov/scripts/SSEOP/MapCoordinate/MapCoordinate.pl?lat=51.7&lon=101.8
Denver,ISS031-E-112407,40.1,-106.0,39.737567,-104.9847179,40.1,-106.7,NIKON D3S S/N: 2053892,20120604,052905,208.0,336.0,-24.0,1/80,85.0 mm,1.4,6400,0.0,0.0,5.0,http://eol.jsc.nasa.gov/scripts/sseop/photo.pl?mission=ISS031&roll=E&frame=112407,http://eol.jsc.nasa.gov/sseop/images/ESC/small/ISS031/ISS031-E-112407.jpg,http://eol.jsc.nasa.gov/sseop/images/ESC/large/ISS031/ISS031-E-112407.jpg,http://eol.jsc.nasa.gov/sseop/images/thumb/ISS031/ISS031-E-112407.jpg,http://eol.jsc.nasa.gov/scripts/SSEOP/MapCoordinate/MapCoordinate.pl?lat=40.1&lon=-106.7
México,ISS030-E-283116,27.2,-110.0,23.634501,-102.552784,27.2,-110.0,NIKON D3S S/N: 2007931,20120426,045559,212.0,315.0,-37.0,1/100,85.0 mm,1.4,6400,0.0,0.0,5.0,http://eol.jsc.nasa.gov/scripts/sseop/photo.pl?mission=ISS030&roll=E&frame=283116,http://eol.jsc.nasa.gov/sseop/images/ESC/small/ISS030/ISS030-E-283116.jpg,http://eol.jsc.nasa.gov/sseop/images/ESC/large/ISS030/ISS030-E-283116.jpg,http://eol.jsc.nasa.gov/sseop/images/thumb/ISS030/ISS030-E-283116.jpg,http://eol.jsc.nasa.gov/scripts/SSEOP/MapCoordinate/MapCoordinate.pl?lat=27.2&lon=-110.0
United States of America,ISS031-E-95676,33.4,-108.0,37.09024,-95.712891,33.4,-108.8,NIKON D3S S/N: 2053892,20120605,043323,209.0,320.0,-22.0,1/25,85.0 mm,1.4,3200,0.0,0.0,5.0,http://eol.jsc.nasa.gov/scripts/sseop/photo.pl?mission=ISS031&roll=E&frame=95676,http://eol.jsc.nasa.gov/sseop/images/ESC/small/ISS031/ISS031-E-95676.jpg,http://eol.jsc.nasa.gov/sseop/images/ESC/large/ISS031/ISS031-E-95676.jpg,http://eol.jsc.nasa.gov/sseop/images/thumb/ISS031/ISS031-E-95676.jpg,http://eol.jsc.nasa.gov/scripts/SSEOP/MapCoordinate/MapCoordinate.pl?lat=33.4&lon=-108.8
United States of America,ISS030-E-222958,44.6,-103.0,37.09024,-95.712891,44.6,-103.4,NIKON D3S S/N: 2053892,20120404,061454,212.0,347.0,-39.0,1/80,85.0 mm,1.4,6400,0.0,0.0,0.0,http://eol.jsc.nasa.gov/scripts/sseop/photo.pl?mission=ISS030&roll=E&frame=222958,http://eol.jsc.nasa.gov/sseop/images/ESC/small/ISS030/ISS030-E-222958.jpg,http://eol.jsc.nasa.gov/sseop/images/ESC/large/ISS030/ISS030-E-222958.jpg,http://eol.jsc.nasa.gov/sseop/images/thumb/ISS030/ISS030-E-222958.jpg,http://eol.jsc.nasa.gov/scripts/SSEOP/MapCoordinate/MapCoordinate.pl?lat=44.6&lon=-103.4
México,ISS034-E-50018,25.0,-109.0,23.634501,-102.552784,25.0,-109.3,NIKON D3S S/N: 2053892,20130217,065643,223.0,326.0,-75.0,0.8,180.0 mm,2.8,4000,0.0,0.0,5.0,http://eol.jsc.nasa.gov/scripts/sseop/photo.pl?mission=ISS034&roll=E&frame=50018,http://eol.jsc.nasa.gov/sseop/images/ESC/small/ISS034/ISS034-E-50018.jpg,http://eol.jsc.nasa.gov/sseop/images/ESC/large/ISS034/ISS034-E-50018.jpg,http://eol.jsc.nasa.gov/sseop/images/thumb/ISS034/ISS034-E-50018.jpg,http://eol.jsc.nasa.gov/scripts/SSEOP/MapCoordinate/MapCoordinate.pl?lat=25.0&lon=-109.3
中华人民共和国/China,ISS034-E-37235,38.2,105.0,35.86166,104.195397,38.2,105.2,NIKON D3S S/N: 2007931,20130129,160141,223.0,318.0,-65.0,0.6,180.0 mm,2.8,4000,0.0,0.0,5.0,http://eol.jsc.nasa.gov/scripts/sseop/photo.pl?mission=ISS034&roll=E&frame=37235,http://eol.jsc.nasa.gov/sseop/images/ESC/small/ISS034/ISS034-E-37235.jpg,http://eol.jsc.nasa.gov/sseop/images/ESC/large/ISS034/ISS034-E-37235.jpg,http://eol.jsc.nasa.gov/sseop/images/thumb/ISS034/ISS034-E-37235.jpg,http://eol.jsc.nasa.gov/scripts/SSEOP/MapCoordinate/MapCoordinate.pl?lat=38.2&lon=105.2
Монгол улс,ISS030-E-273456,49.7,99.9,46.862496,103.846656,49.7,99.9,NIKON D3S S/N: 2053892,20120209,154216,203.0,317.0,-48.0,1/30,85.0 mm,2.5,3200,0.0,0.0,5.0,http://eol.jsc.nasa.gov/scripts/sseop/photo.pl?mission=ISS030&roll=E&frame=273456,http://eol.jsc.nasa.gov/sseop/images/ESC/small/ISS030/ISS030-E-273456.jpg,http://eol.jsc.nasa.gov/sseop/images/ESC/large/ISS030/ISS030-E-273456.jpg,http://eol.jsc.nasa.gov/sseop/images/thumb/ISS030/ISS030-E-273456.jpg,http://eol.jsc.nasa.gov/scripts/SSEOP/MapCoordinate/MapCoordinate.pl?lat=49.7&lon=99.9
Denver,ISS030-E-271964,40.4,-104.0,39.737567,-104.9847179,40.4,-104.1,NIKON D3S S/N: 2007931,20120423,043141,212.0,320.0,-28.0,1/100,85.0 mm,1.4,6400,0.0,0.0,5.0,http://eol.jsc.nasa.gov/scripts/sseop/photo.pl?mission=ISS030&roll=E&frame=271964,http://eol.jsc.nasa.gov/sseop/images/ESC/small/ISS030/ISS030-E-271964.jpg,http://eol.jsc.nasa.gov/sseop/images/ESC/large/ISS030/ISS030-E-271964.jpg,http://eol.jsc.nasa.gov/sseop/images/thumb/ISS030/ISS030-E-271964.jpg,http://eol.jsc.nasa.gov/scripts/SSEOP/MapCoordinate/MapCoordinate.pl?lat=40.4&lon=-104.1
Malaysia,ISS031-E-126063,3.9,110.8,4.210484,101.975766,3.9,110.8,NIKON D3S S/N: 2007931,20120615,192334,216.0,54.0,-41.0,0.3,24.0 mm,1.4,3200,0.0,0.0,5.0,http://eol.jsc.nasa.gov/scripts/sseop/photo.pl?mission=ISS031&roll=E&frame=126063,http://eol.jsc.nasa.gov/sseop/images/ESC/small/ISS031/ISS031-E-126063.jpg,http://eol.jsc.nasa.gov/sseop/images/ESC/large/ISS031/ISS031-E-126063.jpg,http://eol.jsc.nasa.gov/sseop/images/thumb/ISS031/ISS031-E-126063.jpg,http://eol.jsc.nasa.gov/scripts/SSEOP/MapCoordinate/MapCoordinate.pl?lat=3.9&lon=110.8
中华人民共和国/China,ISS034-E-37231,37.5,104.0,35.86166,104.195397,37.5,104.1,NIKON D3S S/N: 2007931,20130129,160123,223.0,315.0,-64.0,1,180.0 mm,2.8,4000,0.0,0.0,5.0,http://eol.jsc.nasa.gov/scripts/sseop/photo.pl?mission=ISS034&roll=E&frame=37231,http://eol.jsc.nasa.gov/sseop/images/ESC/small/ISS034/ISS034-E-37231.jpg,http://eol.jsc.nasa.gov/sseop/images/ESC/large/ISS034/ISS034-E-37231.jpg,http://eol.jsc.nasa.gov/sseop/images/thumb/ISS034/ISS034-E-37231.jpg,http://eol.jsc.nasa.gov/scripts/SSEOP/MapCoordinate/MapCoordinate.pl?lat=37.5&lon=104.1
"Winnipeg,Canada",ISS034-E-48655,49.2,-99.0,49.8997541,-97.1374937,49.2,-99.8,NIKON D3S S/N: 2053892,20130214,043646,222.0,310.0,-44.0,1/8,180.0 mm,2.8,4000,0.0,0.0,5.0,http://eol.jsc.nasa.gov/scripts/sseop/photo.pl?mission=ISS034&roll=E&frame=48655,http://eol.jsc.nasa.gov/sseop/images/ESC/small/ISS034/ISS034-E-48655.jpg,http://eol.jsc.nasa.gov/sseop/images/ESC/large/ISS034/ISS034-E-48655.jpg,http://eol.jsc.nasa.gov/sseop/images/thumb/ISS034/ISS034-E-48655.jpg,http://eol.jsc.nasa.gov/scripts/SSEOP/MapCoordinate/MapCoordinate.pl?lat=49.2&lon=-99.8
"El Paso, US",ISS030-E-223777,33.2,-105.0,31.7699559,-106.4968055,33.2,-105.6,NIKON D3S S/N: 2053892,20120406,041840,212.0,307.0,-34.0,1/100,85.0 mm,1.4,6400,0.0,0.0,5.0,http://eol.jsc.nasa.gov/scripts/sseop/photo.pl?mission=ISS030&roll=E&frame=223777,http://eol.jsc.nasa.gov/sseop/images/ESC/small/ISS030/ISS030-E-223777.jpg,http://eol.jsc.nasa.gov/sseop/images/ESC/large/ISS030/ISS030-E-223777.jpg,http://eol.jsc.nasa.gov/sseop/images/thumb/ISS030/ISS030-E-223777.jpg,http://eol.jsc.nasa.gov/scripts/SSEOP/MapCoordinate/MapCoordinate.pl?lat=33.2&lon=-105.6
Denver,ISS034-E-43226,38.4,-103.0,39.737567,-104.9847179,38.4,-103.8,NIKON D3S S/N: 2008336,20130206,094612,221.0,68.0,-49.0,1/20,400.0 mm,2.8,51200,0.0,0.0,5.0,http://eol.jsc.nasa.gov/scripts/sseop/photo.pl?mission=ISS034&roll=E&frame=43226,http://eol.jsc.nasa.gov/sseop/images/ESC/small/ISS034/ISS034-E-43226.jpg,http://eol.jsc.nasa.gov/sseop/images/ESC/large/ISS034/ISS034-E-43226.jpg,http://eol.jsc.nasa.gov/sseop/images/thumb/ISS034/ISS034-E-43226.jpg,http://eol.jsc.nasa.gov/scripts/SSEOP/MapCoordinate/MapCoordinate.pl?lat=38.4&lon=-103.8
,ISS030-E-226163,29.0,-74.0,0.0,0.0,29.0,-74.8,NIKON D3S S/N: 2008336,20120410,084730,211.0,65.0,-24.0,1/10,28.0 mm,1.4,3200,0.0,0.0,0.0,http://eol.jsc.nasa.gov/scripts/sseop/photo.pl?mission=ISS030&roll=E&frame=226163,http://eol.jsc.nasa.gov/sseop/images/ESC/small/ISS030/ISS030-E-226163.jpg,http://eol.jsc.nasa.gov/sseop/images/ESC/large/ISS030/ISS030-E-226163.jpg,http://eol.jsc.nasa.gov/sseop/images/thumb/ISS030/ISS030-E-226163.jpg,http://eol.jsc.nasa.gov/scripts/SSEOP/MapCoordinate/MapCoordinate.pl?lat=29.0&lon=-74.8
"El Paso, US",ISS030-E-166443,32.2,-105.0,31.7699559,-106.4968055,32.2,-105.3,NIKON D3S S/N: 2053892,20120320,105408,212.0,70.0,-28.0,1/20,85.0 mm,1.6,3200,0.0,0.0,5.0,http://eol.jsc.nasa.gov/scripts/sseop/photo.pl?mission=ISS030&roll=E&frame=166443,http://eol.jsc.nasa.gov/sseop/images/ESC/small/ISS030/ISS030-E-166443.jpg,http://eol.jsc.nasa.gov/sseop/images/ESC/large/ISS030/ISS030-E-166443.jpg,http://eol.jsc.nasa.gov/sseop/images/thumb/ISS030/ISS030-E-166443.jpg,http://eol.jsc.nasa.gov/scripts/SSEOP/MapCoordinate/MapCoordinate.pl?lat=32.2&lon=-105.3
"Winnipeg,Canada",ISS030-E-223018,51.5,-97.0,49.8997541,-97.1374937,51.5,-97.4,NIKON D3S S/N: 2053892,20120404,075244,211.0,23.0,-30.0,1/80,85.0 mm,1.4,6400,0.0,0.0,5.0,http://eol.jsc.nasa.gov/scripts/sseop/photo.pl?mission=ISS030&roll=E&frame=223018,http://eol.jsc.nasa.gov/sseop/images/ESC/small/ISS030/ISS030-E-223018.jpg,http://eol.jsc.nasa.gov/sseop/images/ESC/large/ISS030/ISS030-E-223018.jpg,http://eol.jsc.nasa.gov/sseop/images/thumb/ISS030/ISS030-E-223018.jpg,http://eol.jsc.nasa.gov/scripts/SSEOP/MapCoordinate/MapCoordinate.pl?lat=51.5&lon=-97.4
"El Paso, US",ISS030-E-166441,32.1,-105.0,31.7699559,-106.4968055,32.1,-105.5,NIKON D3S S/N: 2053892,20120320,105406,212.0,70.0,-28.0,1/15,85.0 mm,1.6,3200,0.0,0.0,5.0,http://eol.jsc.nasa.gov/scripts/sseop/photo.pl?mission=ISS030&roll=E&frame=166441,http://eol.jsc.nasa.gov/sseop/images/ESC/small/ISS030/ISS030-E-166441.jpg,http://eol.jsc.nasa.gov/sseop/images/ESC/large/ISS030/ISS030-E-166441.jpg,http://eol.jsc.nasa.gov/sseop/images/thumb/ISS030/ISS030-E-166441.jpg,http://eol.jsc.nasa.gov/scripts/SSEOP/MapCoordinate/MapCoordinate.pl?lat=32.1&lon=-105.5
United States of America,ISS030-E-226097,42.5,-101.0,37.09024,-95.712891,42.5,-101.4,NIKON D3S S/N: 2007931,20120412,082504,211.0,30.0,-34.0,1,24.0 mm,1.4,3200,0.0,0.0,0.0,http://eol.jsc.nasa.gov/scripts/sseop/photo.pl?mission=ISS030&roll=E&frame=226097,http://eol.jsc.nasa.gov/sseop/images/ESC/small/ISS030/ISS030-E-226097.jpg,http://eol.jsc.nasa.gov/sseop/images/ESC/large/ISS030/ISS030-E-226097.jpg,http://eol.jsc.nasa.gov/sseop/images/thumb/ISS030/ISS030-E-226097.jpg,http://eol.jsc.nasa.gov/scripts/SSEOP/MapCoordinate/MapCoordinate.pl?lat=42.5&lon=-101.4
"El Paso, US",ISS033-E-11084,31.1,-105.0,31.7699559,-106.4968055,31.1,-105.2,NIKON D3S S/N: 2053892,20121009,100855,215.0,73.0,-37.0,1/13,400.0 mm,2.8,10000,0.0,0.0,5.0,http://eol.jsc.nasa.gov/scripts/sseop/photo.pl?mission=ISS033&roll=E&frame=11084,http://eol.jsc.nasa.gov/sseop/images/ESC/small/ISS033/ISS033-E-11084.jpg,http://eol.jsc.nasa.gov/sseop/images/ESC/large/ISS033/ISS033-E-11084.jpg,http://eol.jsc.nasa.gov/sseop/images/thumb/ISS033/ISS033-E-11084.jpg,http://eol.jsc.nasa.gov/scripts/SSEOP/MapCoordinate/MapCoordinate.pl?lat=31.1&lon=-105.2
Việt Nam,ISS035-E-18055,17.0,108.0,14.058324,108.277199,17.0,108.3,NIKON D3S S/N: 2008336,20130409,202806,218.0,70.0,-30.0,1/30,400.0 mm,2.8,51200,0.0,0.0,5.0,http://eol.jsc.nasa.gov/scripts/sseop/photo.pl?mission=ISS035&roll=E&frame=18055,http://eol.jsc.nasa.gov/sseop/images/ESC/small/ISS035/ISS035-E-18055.jpg,http://eol.jsc.nasa.gov/sseop/images/ESC/large/ISS035/ISS035-E-18055.jpg,http://eol.jsc.nasa.gov/sseop/images/thumb/ISS035/ISS035-E-18055.jpg,http://eol.jsc.nasa.gov/scripts/SSEOP/MapCoordinate/MapCoordinate.pl?lat=17.0&lon=108.3
"Bismarck, North Dakota",ISS034-E-31427,46.1,-99.0,46.8083268,-100.7837392,46.1,-99.2,NIKON D3S S/N: 2008336,20130118,111222,220.0,88.0,-31.0,0.4,180.0 mm,2.8,10000,0.0,0.0,5.0,http://eol.jsc.nasa.gov/scripts/sseop/photo.pl?mission=ISS034&roll=E&frame=31427,http://eol.jsc.nasa.gov/sseop/images/ESC/small/ISS034/ISS034-E-31427.jpg,http://eol.jsc.nasa.gov/sseop/images/ESC/large/ISS034/ISS034-E-31427.jpg,http://eol.jsc.nasa.gov/sseop/images/thumb/ISS034/ISS034-E-31427.jpg,http://eol.jsc.nasa.gov/scripts/SSEOP/MapCoordinate/MapCoordinate.pl?lat=46.1&lon=-99.2
Fargo,ISS030-E-222968,46.7,-98.0,46.8771863,-96.7898034,46.7,-98.0,NIKON D3S S/N: 2053892,20120404,061603,212.0,354.0,-37.0,1/80,85.0 mm,1.4,6400,0.0,0.0,3.0,http://eol.jsc.nasa.gov/scripts/sseop/photo.pl?mission=ISS030&roll=E&frame=222968,http://eol.jsc.nasa.gov/sseop/images/ESC/small/ISS030/ISS030-E-222968.jpg,http://eol.jsc.nasa.gov/sseop/images/ESC/large/ISS030/ISS030-E-222968.jpg,http://eol.jsc.nasa.gov/sseop/images/thumb/ISS030/ISS030-E-222968.jpg,http://eol.jsc.nasa.gov/scripts/SSEOP/MapCoordinate/MapCoordinate.pl?lat=46.7&lon=-98.0
Việt Nam,ISS030-E-242450,8.4,108.2,14.058324,108.277199,8.4,108.2,NIKON D3S S/N: 2008336,20120421,171933,213.0,22.0,-68.0,1/5,50.0 mm,1.4,6400,0.0,0.0,5.0,http://eol.jsc.nasa.gov/scripts/sseop/photo.pl?mission=ISS030&roll=E&frame=242450,http://eol.jsc.nasa.gov/sseop/images/ESC/small/ISS030/ISS030-E-242450.jpg,http://eol.jsc.nasa.gov/sseop/images/ESC/large/ISS030/ISS030-E-242450.jpg,http://eol.jsc.nasa.gov/sseop/images/thumb/ISS030/ISS030-E-242450.jpg,http://eol.jsc.nasa.gov/scripts/SSEOP/MapCoordinate/MapCoordinate.pl?lat=8.4&lon=108.2
Việt Nam,ISS036-E-20668,16.3,107.0,14.058324,108.277199,16.3,107.8,NIKON D3S S/N: 2007945,20130717,190540,226.0,42.0,-41.0,1/30,50.0 mm,2.8,102400,0.0,0.0,5.0,http://eol.jsc.nasa.gov/scripts/sseop/photo.pl?mission=ISS036&roll=E&frame=20668,http://eol.jsc.nasa.gov/sseop/images/ESC/small/ISS036/ISS036-E-20668.jpg,http://eol.jsc.nasa.gov/sseop/images/ESC/large/ISS036/ISS036-E-20668.jpg,http://eol.jsc.nasa.gov/sseop/images/thumb/ISS036/ISS036-E-20668.jpg,http://eol.jsc.nasa.gov/scripts/SSEOP/MapCoordinate/MapCoordinate.pl?lat=16.3&lon=107.8
Athens.grecia,ISS020-E-52546,39.0,24.6,37.983917,23.7293599,39.0,24.6,NIKON D2Xs S/N: 6026710,20090920,192743,181.0,306.0,-35.0,1/10,180.0 mm,2.8,800,0.0,0.0,5.0,http://eol.jsc.nasa.gov/scripts/sseop/photo.pl?mission=ISS020&roll=E&frame=52546,http://eol.jsc.nasa.gov/sseop/images/ESC/small/ISS020/ISS020-E-52546.jpg,http://eol.jsc.nasa.gov/sseop/images/ESC/large/ISS020/ISS020-E-52546.jpg,http://eol.jsc.nasa.gov/sseop/images/thumb/ISS020/ISS020-E-52546.jpg,http://eol.jsc.nasa.gov/scripts/SSEOP/MapCoordinate/MapCoordinate.pl?lat=39.0&lon=24.6
México,ISS027-E-13382,30.1,-113.0,23.634501,-102.552784,30.1,-113.5,NIKON D3S S/N: 2007935,20110417,113436,185.0,65.0,-19.0,1/20,40.0 mm,3.2,12800,0.0,0.0,0.0,http://eol.jsc.nasa.gov/scripts/sseop/photo.pl?mission=ISS027&roll=E&frame=13382,http://eol.jsc.nasa.gov/sseop/images/ESC/small/ISS027/ISS027-E-13382.jpg,http://eol.jsc.nasa.gov/sseop/images/ESC/large/ISS027/ISS027-E-13382.jpg,http://eol.jsc.nasa.gov/sseop/images/thumb/ISS027/ISS027-E-13382.jpg,http://eol.jsc.nasa.gov/scripts/SSEOP/MapCoordinate/MapCoordinate.pl?lat=30.1&lon=-113.5
United States of America,ISS031-E-121250,33.7,-102.0,37.09024,-95.712891,33.7,-102.2,NIKON D3S S/N: 2053892,20120613,083945,211.0,29.0,-27.0,1/100,85.0 mm,1.4,6400,0.0,0.0,5.0,http://eol.jsc.nasa.gov/scripts/sseop/photo.pl?mission=ISS031&roll=E&frame=121250,http://eol.jsc.nasa.gov/sseop/images/ESC/small/ISS031/ISS031-E-121250.jpg,http://eol.jsc.nasa.gov/sseop/images/ESC/large/ISS031/ISS031-E-121250.jpg,http://eol.jsc.nasa.gov/sseop/images/thumb/ISS031/ISS031-E-121250.jpg,http://eol.jsc.nasa.gov/scripts/SSEOP/MapCoordinate/MapCoordinate.pl?lat=33.7&lon=-102.2
Singapore,ISS033-E-8700,4.8,106.9,1.352083,103.819836,4.8,106.9,NIKON D3S S/N: 2053892,20120930,133930,227.0,270.0,-44.0,1/15,400.0 mm,2.8,12800,0.0,0.0,5.0,http://eol.jsc.nasa.gov/scripts/sseop/photo.pl?mission=ISS033&roll=E&frame=8700,http://eol.jsc.nasa.gov/sseop/images/ESC/small/ISS033/ISS033-E-8700.jpg,http://eol.jsc.nasa.gov/sseop/images/ESC/large/ISS033/ISS033-E-8700.jpg,http://eol.jsc.nasa.gov/sseop/images/thumb/ISS033/ISS033-E-8700.jpg,http://eol.jsc.nasa.gov/scripts/SSEOP/MapCoordinate/MapCoordinate.pl?lat=4.8&lon=106.9
México,ISS034-E-50027,20.6,-105.0,23.634501,-102.552784,20.6,-105.4,NIKON D3S S/N: 2053892,20130217,065814,223.0,334.0,-80.0,0.8,180.0 mm,2.8,4000,0.0,0.0,5.0,http://eol.jsc.nasa.gov/scripts/sseop/photo.pl?mission=ISS034&roll=E&frame=50027,http://eol.jsc.nasa.gov/sseop/images/ESC/small/ISS034/ISS034-E-50027.jpg,http://eol.jsc.nasa.gov/sseop/images/ESC/large/ISS034/ISS034-E-50027.jpg,http://eol.jsc.nasa.gov/sseop/images/thumb/ISS034/ISS034-E-50027.jpg,http://eol.jsc.nasa.gov/scripts/SSEOP/MapCoordinate/MapCoordinate.pl?lat=20.6&lon=-105.4
Việt Nam,ISS031-E-125947,9.8,106.5,14.058324,108.277199,9.8,106.5,NIKON D3S S/N: 2007931,20120615,192138,215.0,47.0,-41.0,0.3,24.0 mm,1.4,3200,0.0,0.0,5.0,http://eol.jsc.nasa.gov/scripts/sseop/photo.pl?mission=ISS031&roll=E&frame=125947,http://eol.jsc.nasa.gov/sseop/images/ESC/small/ISS031/ISS031-E-125947.jpg,http://eol.jsc.nasa.gov/sseop/images/ESC/large/ISS031/ISS031-E-125947.jpg,http://eol.jsc.nasa.gov/sseop/images/thumb/ISS031/ISS031-E-125947.jpg,http://eol.jsc.nasa.gov/scripts/SSEOP/MapCoordinate/MapCoordinate.pl?lat=9.8&lon=106.5
ព្រះរាជាណាចក្រកម្ពុជា,ISS035-E-10869,14.2,106.0,13.5066394,104.869423,14.2,106.4,NIKON D3S S/N: 2008336,20130326,155518,218.0,315.0,-67.0,1/30,400.0 mm,2.8,51200,0.0,0.0,5.0,http://eol.jsc.nasa.gov/scripts/sseop/photo.pl?mission=ISS035&roll=E&frame=10869,http://eol.jsc.nasa.gov/sseop/images/ESC/small/ISS035/ISS035-E-10869.jpg,http://eol.jsc.nasa.gov/sseop/images/ESC/large/ISS035/ISS035-E-10869.jpg,http://eol.jsc.nasa.gov/sseop/images/thumb/ISS035/ISS035-E-10869.jpg,http://eol.jsc.nasa.gov/scripts/SSEOP/MapCoordinate/MapCoordinate.pl?lat=14.2&lon=106.4
Baleares,ISS034-E-41597,36.5,0.9,39.5341789,2.8577105,36.5,0.9,NIKON D3S S/N: 2007931,20130204,202055,223.0,276.0,-35.0,1/8,19.0 mm,2.8,25600,0.0,0.0,5.0,http://eol.jsc.nasa.gov/scripts/sseop/photo.pl?mission=ISS034&roll=E&frame=41597,http://eol.jsc.nasa.gov/sseop/images/ESC/small/ISS034/ISS034-E-41597.jpg,http://eol.jsc.nasa.gov/sseop/images/ESC/large/ISS034/ISS034-E-41597.jpg,http://eol.jsc.nasa.gov/sseop/images/thumb/ISS034/ISS034-E-41597.jpg,http://eol.jsc.nasa.gov/scripts/SSEOP/MapCoordinate/MapCoordinate.pl?lat=36.5&lon=.9
United States of America,ISS034-E-38652,34.4,-101.0,37.09024,-95.712891,34.4,-101.1,NIKON D3S S/N: 2008336,20130202,113240,219.0,93.0,-27.0,1/20,400.0 mm,2.8,51200,0.0,0.0,5.0,http://eol.jsc.nasa.gov/scripts/sseop/photo.pl?mission=ISS034&roll=E&frame=38652,http://eol.jsc.nasa.gov/sseop/images/ESC/small/ISS034/ISS034-E-38652.jpg,http://eol.jsc.nasa.gov/sseop/images/ESC/large/ISS034/ISS034-E-38652.jpg,http://eol.jsc.nasa.gov/sseop/images/thumb/ISS034/ISS034-E-38652.jpg,http://eol.jsc.nasa.gov/scripts/SSEOP/MapCoordinate/MapCoordinate.pl?lat=34.4&lon=-101.1
United States of America,ISS034-E-40506,46.3,-96.0,37.09024,-95.712891,46.3,-96.2,NIKON D3S S/N: 2008336,20130206,080941,221.0,39.0,-54.0,1/20,400.0 mm,2.8,51200,0.0,0.0,0.0,http://eol.jsc.nasa.gov/scripts/sseop/photo.pl?mission=ISS034&roll=E&frame=40506,http://eol.jsc.nasa.gov/sseop/images/ESC/small/ISS034/ISS034-E-40506.jpg,http://eol.jsc.nasa.gov/sseop/images/ESC/large/ISS034/ISS034-E-40506.jpg,http://eol.jsc.nasa.gov/sseop/images/thumb/ISS034/ISS034-E-40506.jpg,http://eol.jsc.nasa.gov/scripts/SSEOP/MapCoordinate/MapCoordinate.pl?lat=46.3&lon=-96.2
United States of America,ISS030-E-222971,47.6,-95.0,37.09024,-95.712891,47.6,-95.0,NIKON D3S S/N: 2053892,20120404,061640,212.0,358.0,-37.0,1/80,85.0 mm,1.4,6400,0.0,0.0,0.0,http://eol.jsc.nasa.gov/scripts/sseop/photo.pl?mission=ISS030&roll=E&frame=222971,http://eol.jsc.nasa.gov/sseop/images/ESC/small/ISS030/ISS030-E-222971.jpg,http://eol.jsc.nasa.gov/sseop/images/ESC/large/ISS030/ISS030-E-222971.jpg,http://eol.jsc.nasa.gov/sseop/images/thumb/ISS030/ISS030-E-222971.jpg,http://eol.jsc.nasa.gov/scripts/SSEOP/MapCoordinate/MapCoordinate.pl?lat=47.6&lon=-95.0
México,ISS034-E-39170,25.8,-103.0,23.634501,-102.552784,25.8,-103.4,NIKON D3S S/N: 2008336,20130122,074713,224.0,60.0,-79.0,1/8,180.0 mm,2.8,10000,0.0,0.0,5.0,http://eol.jsc.nasa.gov/scripts/sseop/photo.pl?mission=ISS034&roll=E&frame=39170,http://eol.jsc.nasa.gov/sseop/images/ESC/small/ISS034/ISS034-E-39170.jpg,http://eol.jsc.nasa.gov/sseop/images/ESC/large/ISS034/ISS034-E-39170.jpg,http://eol.jsc.nasa.gov/sseop/images/thumb/ISS034/ISS034-E-39170.jpg,http://eol.jsc.nasa.gov/scripts/SSEOP/MapCoordinate/MapCoordinate.pl?lat=25.8&lon=-103.4
Singapore,ISS033-E-8887,3.7,106.1,1.352083,103.819836,3.7,106.1,NIKON D3S S/N: 2007931,20120930,133908,227.0,269.0,-44.0,1/13,180.0 mm,2.8,8000,0.0,0.0,5.0,http://eol.jsc.nasa.gov/scripts/sseop/photo.pl?mission=ISS033&roll=E&frame=8887,http://eol.jsc.nasa.gov/sseop/images/ESC/small/ISS033/ISS033-E-8887.jpg,http://eol.jsc.nasa.gov/sseop/images/ESC/large/ISS033/ISS033-E-8887.jpg,http://eol.jsc.nasa.gov/sseop/images/thumb/ISS033/ISS033-E-8887.jpg,http://eol.jsc.nasa.gov/scripts/SSEOP/MapCoordinate/MapCoordinate.pl?lat=3.7&lon=106.1
